{"created_at": "2021-12-02 19:52:24+00:00", "description": "MSc Student @METU_ODTU", "entities": {"url": {"urls": [{"start": 0, "end": 23, "url": "https://t.co/p8gZzTzyX2", "expanded_url": "https://tlgksy.github.io/", "display_url": "tlgksy.github.io"}]}, "description": {"mentions": [{"start": 12, "end": 22, "username": "METU_ODTU"}]}}, "id": "1466495391420063750", "location": null, "name": "Tolga Aksoy", "pinned_tweet_id": null, "profile_image_url": "https://abs.twimg.com/sticky/default_profile_images/default_profile_normal.png", "protected": false, "public_metrics": {"followers_count": 0, "following_count": 54, "tweet_count": 6, "listed_count": 0}, "url": "https://t.co/p8gZzTzyX2", "username": "tlgksy_", "verified": false, "withheld": null}