{"created_at": "2022-01-01 19:22:39+00:00", "description": "", "entities": {"url": {"urls": [{"start": 0, "end": 23, "url": "https://t.co/uTcITGPH4m", "expanded_url": "http://enchantedperception.com", "display_url": "enchantedperception.com"}]}}, "id": "1477359217057087497", "location": null, "name": "Enchanted Perception", "pinned_tweet_id": null, "profile_image_url": "https://pbs.twimg.com/profile_images/1477360109949014019/_gyo2kEN_normal.jpg", "protected": false, "public_metrics": {"followers_count": 0, "following_count": 11, "tweet_count": 1, "listed_count": 0}, "url": "https://t.co/uTcITGPH4m", "username": "EnchantedQuanta", "verified": false, "withheld": null}