{"created_at": "2009-05-07 13:33:36+00:00", "description": "DEVELOP, part of @MCV_DEVELOP, analyses and supports the global games dev community. Tweets from @zptr and @wallacec42. DMs open, get in touch!", "entities": {"url": {"urls": [{"start": 0, "end": 23, "url": "https://t.co/9VHzAUTicr", "expanded_url": "http://www.mcvuk.com/", "display_url": "mcvuk.com"}]}, "description": {"mentions": [{"start": 17, "end": 29, "username": "MCV_DEVELOP"}, {"start": 97, "end": 102, "username": "zptr"}, {"start": 107, "end": 118, "username": "wallacec42"}]}}, "id": "38430500", "location": "UK", "name": "DEVELOP", "pinned_tweet_id": null, "profile_image_url": "https://pbs.twimg.com/profile_images/962008179155484672/MIoPrV0c_normal.jpg", "protected": false, "public_metrics": {"followers_count": 68083, "following_count": 3054, "tweet_count": 30395, "listed_count": 1000}, "url": "https://t.co/9VHzAUTicr", "username": "developonline", "verified": false, "withheld": null}