{"created_at": "2018-07-03 15:12:10+00:00", "description": "\u201cAnd so it seems I must always write you letters that I can never send.\u201d", "entities": null, "id": "1014164907431006208", "location": null, "name": "\u06af\u06cc\u0644\u0645\u0627\u0632(\u0628\u0646\u0641\u0634 \u062a\u0631\u06cc\u0646 \u06af\u06cc\u0644\u06cc \u062f\u0646\u06cc\u0627)", "pinned_tweet_id": 1475894010124423173, "profile_image_url": "https://pbs.twimg.com/profile_images/1322571097221582851/Yt32pwkS_normal.jpg", "protected": false, "public_metrics": {"followers_count": 998, "following_count": 204, "tweet_count": 45389, "listed_count": 1}, "url": "", "username": "Gil_maaz", "verified": false, "withheld": null}